"結帳日期","結帳時間","類型","單號","交易序號","作廢狀態","","發票號碼","銷售總額","發票金額","服務費","折扣","稅額","支付方式","員工",""
"2022/09/01	","23:05	","內用","4	","2022090122250004	","","","","803","803","73","0","0","現金","-(000000)90466979",""
"2022/09/01	","23:20	","內用","2	","2022090117510002	","","","","3,073","3,073","280","7","0","現金","-(000000)90466979",""
"2022/09/01	","23:44	","內用","5	","2022090122570005	","","","","1,067","1,067","97","0","0","信用卡","-(000000)90466979",""
"2022/09/02	","00:06	","內用","3	","2022090121530003	","","","","2,156","2,156","196","0","0","現金","-(000000)90466979",""
"2022/09/02	","00:59	","內用","1	","2022090102020001	","","","","0","0","0","0","0","現金","-(000000)90466979",""
"2022/09/02	","20:45	","內用","12	","2022090220450012	","","","","125","125","0","0","0","現金","-(000000)90466979",""
"2022/09/02	","21:29	","內用","1	","2022090217550001	","","","","5,775","5,775","525","0","0","信用卡","-(000000)90466979",""
"2022/09/02	","22:03	","內用","2	","2022090217550002	","","","","3,905","3,905","355","0","0","信用卡","-(000000)90466979",""
"2022/09/02	","22:18	","內用","6	","2022090123530006	","","","","3,399","3,399","309","0","0","信用卡","-(000000)90466979",""
"2022/09/02	","22:36	","內用","7	","2022090217560007	","","","","3,949","3,949","359","0","0","信用卡","-(000000)90466979",""
"2022/09/02	","22:38	","內用","3	","2022090217550003	","","","","4,499","4,499","409","0","0","信用卡","-(000000)90466979",""
"2022/09/02	","22:53	","內用","8	","2022090217560008	","","","","1,694","1,694","154","0","0","信用卡","-(000000)90466979",""
"2022/09/02	","22:59	","內用","15	","2022090221530015	","","","","880","880","80","0","0","現金","-(000000)90466979",""
"2022/09/02	","23:11	","內用","6	","2022090217550006	","","","","1,155","1,155","105","0","0","信用卡","-(000000)90466979",""
"2022/09/02	","23:29	","內用","4	","2022090217550004	","","","","6,303","6,303","573","0","0","信用卡","-(000000)90466979",""
"2022/09/03	","00:20	","內用","13	","2022090221450013	","","","","5,478","5,478","498","0","0","信用卡","-(000000)90466979",""
"2022/09/03	","00:46	","內用","19	","2022090223220019	","","","FM32358102","1,738","1,738","158","0","83","信用卡","-(000000)90466979",""
"2022/09/03	","00:55	","內用","11	","2022090218160011	","","","","3,289","3,289","299","0","0","信用卡","-(000000)90466979",""
"2022/09/03	","01:18	","內用","17	","2022090222000017	","","","","3,223","3,223","293","0","0","LINE Pay","-(000000)90466979",""
"2022/09/03	","01:48	","內用","5	","2022090217550005	","","","","6,677","6,677","607","0","0","信用卡","-(000000)90466979",""
"2022/09/03	","01:50	","內用","18	","2022090222460018	","","","","1,859","1,859","169","0","0","信用卡","-(000000)90466979",""
"2022/09/03	","01:53	","內用","14	","2022090221520014	","","","","4,928","4,928","448","0","0","信用卡","-(000000)90466979",""
"2022/09/03	","02:04	","內用","20	","2022090223420020	","","","","3,520","3,520","320","0","0","LINE Pay","-(000000)90466979",""
"2022/09/03	","02:16	","內用","9	","2022090217560009	","","","","11,935","11,935","1,085","0","0","信用卡","-(000000)90466979",""
"2022/09/03	","02:25	","內用","22	","2022090300230022	","","","","594","594","54","0","0","現金","-(000000)90466979",""
"2022/09/03	","02:28	","內用","23	","2022090300370023	","","","","2,431","2,431","221","0","0","現金","-(000000)90466979",""
"2022/09/03	","02:29	","內用","16	","2022090221540016	","","","FM32358103","2,475","2,475","225","0","118","信用卡","-(000000)90466979",""
"2022/09/03	","02:31	","內用","21	","2022090300130021	","","","","3,586","3,586","326","0","0","信用卡","-(000000)90466979",""
"2022/09/03	","02:35	","內用","10	","2022090218020010	","","","","0","0","0","0","0","現金","-(000000)90466979",""
"2022/09/03	","21:20	","內用","5	","2022090317390005	","","","","1,947","1,947","177","0","0","現金","-(000000)90466979",""
"2022/09/03	","21:24	","內用","3	","2022090317390003	","","","","1,375","1,375","125","0","0","信用卡","-(000000)90466979",""
"2022/09/03	","21:46	","內用","6	","2022090318390006	","","","","3,168","3,168","288","0","0","信用卡","-(000000)90466979",""
"2022/09/03	","22:15	","內用","2	","2022090317390002	","","","","792","792","72","0","0","信用卡","-(000000)90466979",""
"2022/09/03	","22:33	","內用","11	","2022090321400011	","","","","880","880","80","0","0","現金","-(000000)90466979",""
"2022/09/03	","22:37	","內用","7	","2022090319290007	","","","","5,918","5,918","538","0","0","信用卡","-(000000)90466979",""
"2022/09/03	","22:55	","內用","8	","2022090320130008	","","","","3,740","3,740","340","0","0","信用卡","-(000000)90466979",""
"2022/09/03	","23:20	","內用","12	","2022090321470012	","","","","1,793","1,793","163","0","0","信用卡","-(000000)90466979",""
"2022/09/03	","23:21	","內用","14	","2022090323200014	","","","","0","0","0","0","0","現金","-(000000)90466979",""
"2022/09/03	","23:28	","內用","4	","2022090317390004	","","","","770","770","70","0","0","信用卡","-(000000)90466979",""
"2022/09/04	","00:37	","內用","9	","2022090321000009	","","","","1,210","1,210","110","0","0","信用卡","-(000000)90466979",""
"2022/09/04	","01:37	","內用","10	","2022090321210010	","","","","4,290","4,290","390","0","0","信用卡","-(000000)90466979",""
"2022/09/04	","01:51	","內用","13	","2022090323140013	","","","","2,343","2,343","213","0","0","現金","-(000000)90466979",""
"2022/09/04	","02:30	","內用","15-2	","2022090402300018	","","","","902","902","82","0","0","LINE Pay","-(000000)90466979",""
"2022/09/04	","02:30	","內用","15-1	","2022090402290017	","","","","924","924","84","0","0","LINE Pay","-(000000)90466979",""
"2022/09/04	","02:31	","內用","15-3	","2022090402310019	","","","","693","693","63","0","0","LINE Pay","-(000000)90466979",""
"2022/09/04	","02:31	","內用","15	","2022090401300015	","","","","858","858","78","0","0","信用卡","-(000000)90466979",""
"2022/09/04	","02:46	","內用","16	","2022090401590016	","","","","3,014","3,014","274","0","0","信用卡","-(000000)90466979",""
"2022/09/04	","02:48	","內用","1	","2022090317390001	","","","","0","0","0","0","0","現金","-(000000)90466979",""
"2022/09/04	","02:55	","內用","1	","2022090402540001	","","","","440","440","40","0","0","現金","-(000000)90466979",""
"2022/09/04	","22:05	","內用","4	","2022090418190004	","","","","12,760","12,760","1,160","0","0","信用卡","-(000000)90466979",""
"2022/09/05	","00:36	","內用","3	","2022090417460003	","","","","0","0","0","0","0","現金","-(000000)90466979",""
"2022/09/06	","19:46	","內用","1	","2022090619420001	","","","","125","125","0","0","0","現金","-(000000)90466979",""
"2022/09/06	","20:57	","內用","3	","2022090619490003	","","","","1,925","1,925","175","0","0","信用卡","-(000000)90466979",""
"2022/09/06	","22:03	","內用","2	","2022090619490002	","","","","1,870","1,870","170","0","0","現金","-(000000)90466979",""
"2022/09/06	","22:25	","內用","5	","2022090620400005	","","","","1,617","1,617","147","0","0","信用卡","-(000000)90466979",""
"2022/09/06	","23:43	","內用","6	","2022090622540006	","","","","517","517","47","0","0","現金","-(000000)90466979",""
"2022/09/06	","23:58	","內用","7	","2022090623110007	","","","FM32358104","704","704","64","0","34","信用卡","-(000000)90466979",""
"2022/09/07	","01:30	","內用","8	","2022090623500008	","","","","5,896","5,896","536","0","0","現金","-(000000)90466979",""
"2022/09/07	","01:38	","內用","9	","2022090701050009	"," 作廢2022/09/07 01:38","","","1,100","1,100","100","0","0","現金","-(000000)90466979",""
"2022/09/07	","01:38	","內用","10	","2022090701380010	","","","","1,100","1,100","100","0","0","現金","-(000000)90466979",""
"2022/09/07	","01:41	","內用","4	","2022090620050004	","","","","0","0","0","0","0","現金","-(000000)90466979",""
"2022/09/07	","20:42	","內用","5	","2022090720390005	","","","FM32358105","3,500","3,500","0","0","167","現金","-(000000)90466979",""
"2022/09/07	","22:07	","內用","6	","2022090721210006	","","","","1,892","1,892","172","0","0","信用卡","-(000000)90466979",""
"2022/09/08	","00:35	","內用","7	","2022090721240007	","","","","1,760","1,760","160","0","0","信用卡","-(000000)90466979",""
"2022/09/08	","00:53	","內用","1	","2022090717460001	","","","FM32358106","2,420","2,420","220","0","115","信用卡","-(000000)90466979",""
"2022/09/08	","01:01	","內用","9	","2022090801010009	","","","","308","308","28","0","0","信用卡","-(000000)90466979",""
"2022/09/08	","01:32	","內用","10	","2022090801100010	","","","","440","440","40","0","0","信用卡","-(000000)90466979",""
"2022/09/08	","01:33	","內用","8	","2022090800070008	","","","FM32358107","616","616","56","0","29","現金","-(000000)90466979",""
"2022/09/08	","01:37	","內用","3	","2022090719550003	","","","FM32358108","2,269","2,269","229","250","108","信用卡","-(000000)90466979",""
"2022/09/08	","01:43	","內用","4-1	","2022090801430011	","","","","2,387","2,387","217","0","0","信用卡","-(000000)90466979",""
"2022/09/08	","01:45	","內用","4	","2022090720130004	","","","","1,697","1,697","177","250","0","信用卡","-(000000)90466979",""
"2022/09/08	","01:46	","內用","2	","2022090717460002	","","","","0","0","0","0","0","現金","-(000000)90466979",""
"2022/09/08	","18:08	","內用","13	","2022090818080013	","","","","100","100","0","0","0","現金","-(000000)90466979",""
"2022/09/08	","20:24	","內用","11	","2022090817300011	"," 跨日作廢2022/10/04 20:53","","","2,354","2,354","214","0","0","信用卡","-(000000)90466979",""
"2022/09/08	","21:17	","內用","1	","2022090817280001	","","","","5,808","5,808","528","0","0","信用卡","-(000000)90466979",""
"2022/09/08	","21:25	","內用","3-1	","2022090821240016	","","","FM32358109","1,848","1,848","168","0","88","信用卡","-(000000)90466979",""
"2022/09/08	","21:33	","內用","6	","2022090817290006	","","","","5,445","5,445","495","0","0","信用卡","-(000000)90466979",""
"2022/09/08	","22:07	","內用","9	","2022090817300009	","","","","1,518","1,518","138","0","0","信用卡","-(000000)90466979",""
"2022/09/08	","22:39	","內用","2	","2022090817280002	","","","","5,302","5,302","482","0","0","信用卡","-(000000)90466979",""
"2022/09/08	","23:39	","內用","8	","2022090817300008	","","","","4,356","4,356","396","0","0","信用卡","-(000000)90466979",""
"2022/09/08	","23:43	","內用","7-1	","2022090823420019	","","","","737","737","67","0","0","現金","-(000000)90466979",""
"2022/09/08	","23:49	","內用","14	","2022090820430014	","","","","1,694","1,694","154","0","0","信用卡","-(000000)90466979",""
"2022/09/09	","00:04	","內用","17	","2022090822550018	","","","","1,804","1,804","164","0","0","現金","-(000000)90466979",""
"2022/09/09	","00:19	","內用","3	","2022090817280003	","","","","14,044","14,044","1,284","80","0","信用卡","-(000000)90466979",""
"2022/09/09	","00:52	","內用","7-2	","2022090900510025	","","","","275","275","25","0","0","現金","-(000000)90466979",""
"2022/09/09	","00:58	","內用","7	","2022090817290007	","","","","8,712","8,712","792","0","0","現金","-(000000)90466979",""
"2022/09/09	","01:01	","內用","20	","2022090900130022	","","","","880","880","80","0","0","現金","-(000000)90466979",""
"2022/09/09	","01:17	","內用","18	","2022090823570020	","","","","242","242","22","0","0","現金","-(000000)90466979",""
"2022/09/09	","01:39	","內用","22	","2022090900440024	","","","","825","825","75","0","0","信用卡","-(000000)90466979",""
"2022/09/09	","02:11	","內用","15	","2022090820430015	","","","","1,705","1,705","155","0","0","信用卡","-(000000)90466979",""
"2022/09/09	","02:12	","內用","25	","2022090902110028	","","","","385","385","35","0","0","現金","-(000000)90466979",""
"2022/09/09	","02:15	","內用","21	","2022090900240023	","","","","2,112","2,112","192","0","0","現金","-(000000)90466979",""
"2022/09/09	","02:42	","內用","24	","2022090901130027	","","","","1,617","1,617","147","0","0","信用卡","-(000000)90466979",""
"2022/09/09	","03:05	","內用","10	","2022090817300010	","","","","16,969","16,969","1,679","1,500","0","信用卡","-(000000)90466979",""
"2022/09/09	","03:07	","內用","16	","2022090821270017	","","","","3,080","3,080","280","0","0","信用卡","-(000000)90466979",""
"2022/09/09	","03:08	","內用","12	","2022090817510012	","","","","0","0","0","0","0","現金","-(000000)90466979",""
"2022/09/09	","21:08	","內用","8	","2022090918170008	","","","FM32358110","5,368","5,368","488","0","256","信用卡","-(000000)90466979",""
"2022/09/09	","21:37	","內用","6	","2022090917330006	","","","","1,232","1,232","112","0","0","信用卡","-(000000)90466979",""
"2022/09/09	","22:18	","內用","10	","2022090920390010	","","","","1,320","1,320","120","0","0","信用卡","店長Ian(0002)ian",""
"2022/09/09	","22:58	","內用","4	","2022090917330004	","","","","2,794","2,794","254","0","0","信用卡","店長Ian(0002)ian",""
"2022/09/09	","23:24	","內用","7	","2022090917330007	","","","","4,422","4,422","402","0","0","信用卡","店長Ian(0002)ian",""
"2022/09/09	","23:58	","內用","3	","2022090917330003	","","","","4,939","4,939","449","0","0","信用卡","店長Ian(0002)ian",""
"2022/09/10	","00:19	","內用","13	","2022090923300013	","","","","957","957","87","0","0","現金","店長Ian(0002)ian",""
"2022/09/10	","00:48	","內用","14	","2022091000200014	","","","","770","770","70","0","0","現金","店長Ian(0002)ian",""
"2022/09/10	","00:59	","內用","9	","2022090919560009	","","","","3,660","3,660","340","80","0","信用卡","店長Ian(0002)ian",""
"2022/09/10	","01:38	","內用","19	","2022091001350019	","","","","100","100","0","0","0","現金","店長Ian(0002)ian",""
"2022/09/10	","01:41	","內用","17	","2022091001140017	","","","","462","462","42","0","0","現金","店長Ian(0002)ian",""
"2022/09/10	","02:22	","內用","5	","2022090917330005	","","","","2,948","2,948","268","0","0","信用卡","店長Ian(0002)ian",""
"2022/09/10	","02:23	","內用","11	","2022090923030011	","","","","480","480","60","180","0","信用卡","店長Ian(0002)ian",""
"2022/09/10	","02:24	","內用","12	","2022090923270012	","","","","1,892","1,892","172","0","0","信用卡","店長Ian(0002)ian",""
"2022/09/10	","02:25	","內用","20	","2022091001590020	","","","","352","352","32","0","0","現金","店長Ian(0002)ian",""
"2022/09/10	","02:28	","內用","16	","2022091001020016	","","","","1,202","1,202","132","250","0","現金","店長Ian(0002)ian",""
"2022/09/10	","02:30	","內用","1	","2022090917210001	","","","","0","0","0","0","0","現金","店長Ian(0002)ian",""
"2022/09/10	","02:35	","內用","18	","2022091001180018	","","","","1,221","1,221","111","0","0","LINE Pay","店長Ian(0002)ian",""
"2022/09/10	","19:20	","內用","8	","2022091019200008	","","","","100","100","0","0","0","現金","店長Ian(0002)ian",""
"2022/09/10	","19:27	","內用","7	","2022091018460007	","","","","770","770","70","0","0","現金","店長Ian(0002)ian",""
"2022/09/10	","19:35	","內用","6	","2022091018150006	","","","","1,870","1,870","170","0","0","LINE Pay","店長Ian(0002)ian",""
"2022/09/10	","22:24	","內用","2	","2022091017370002	","","","","3,102","3,102","282","0","0","信用卡","店長Ian(0002)ian",""
"2022/09/10	","23:06	","內用","9	","2022091020190009	","","","","1,342","1,342","122","0","0","信用卡","店長Ian(0002)ian",""
"2022/09/11	","00:10	","內用","3	","2022091017370003	","","","","4,367","4,367","397","0","0","信用卡","店長Ian(0002)ian",""
"2022/09/11	","00:37	","內用","15	","2022091023140015	","","","","2,200","2,200","200","0","0","信用卡","店長Ian(0002)ian",""
"2022/09/11	","00:47	","內用","4	","2022091017370004	","","","","3,828","3,828","348","0","0","信用卡","店長Ian(0002)ian",""
"2022/09/11	","01:07	","內用","12	","2022091021400012	","","","","847","847","77","0","0","信用卡","店長Ian(0002)ian",""
"2022/09/11	","01:27	","內用","13	","2022091022410013	","","","FM32358111","4,675","4,675","425","0","223","信用卡","店長Ian(0002)ian",""
"2022/09/11	","01:37	","內用","10	","2022091021140010	","","","","1,364","1,364","124","0","0","信用卡","店長Ian(0002)ian",""
"2022/09/11	","01:57	","內用","16	","2022091023420016	","","","","3,652","3,652","332","0","0","信用卡","店長Ian(0002)ian",""
"2022/09/11	","02:41	","內用","17	","2022091100180017	","","","","3,586","3,586","326","0","0","信用卡","店長Ian(0002)ian",""
"2022/09/11	","02:47	","內用","18	","2022091101400018	"," 作廢2022/09/11 02:57","","FM32358112","2,200","2,200","200","0","105","信用卡","店長Ian(0002)ian",""
"2022/09/11	","02:49	","內用","1	","2022091017330001	","","","","0","0","0","0","0","現金","店長Ian(0002)ian",""
"2022/09/11	","02:54	","內用","14	","2022091022520014	","","","FM32358113","9,680","9,680","880","0","461","信用卡","店長Ian(0002)ian",""
"2022/09/11	","02:57	","內用","19	","2022091102570019	","","","","2,200","2,200","200","0","0","信用卡","店長Ian(0002)ian",""
"2022/09/11	","19:51	","內用","1	","2022091117480001	","","","","3,454","3,454","314","0","0","信用卡","店長Ian(0002)ian",""
"2022/09/11	","21:47	","內用","3	","2022091120040003	","","","","2,178","2,178","198","0","0","信用卡","店長Ian(0002)ian",""
"2022/09/12	","00:32	","內用","4	","2022091121500004	","","","","3,960","3,960","360","0","0","信用卡","店長Ian(0002)ian",""
"2022/09/12	","00:43	","內用","5	","2022091122160005	","","","","770","770","70","0","0","現金","店長Ian(0002)ian",""
"2022/09/12	","01:10	","內用","2	","2022091117490002	","","","","0","0","0","0","0","現金","店長Ian(0002)ian",""
"2022/09/12	","19:48	","內用","4	","2022091218520004	","","","","1,100","1,100","100","0","0","信用卡","店長Ian(0002)ian",""
"2022/09/12	","20:36	","內用","7	","2022091219370007	","","","","737","737","67","0","0","現金","店長Ian(0002)ian",""
"2022/09/12	","21:30	","內用","5	","2022091219070005	","","","","3,795","3,795","345","0","0","信用卡","店長Ian(0002)ian",""
"2022/09/12	","21:32	","內用","6	","2022091219120006	","","","","3,212","3,212","292","0","0","信用卡","店長Ian(0002)ian",""
"2022/09/12	","22:00	","內用","2	","2022091218230002	","","","","3,388","3,388","308","0","0","信用卡","店長Ian(0002)ian",""
"2022/09/12	","22:13	","內用","9	","2022091220190009	","","","","2,024","2,024","184","0","0","funNow、信用卡","店長Ian(0002)ian",""
"2022/09/12	","23:06	","內用","3	","2022091218230003	","","","","6,105","6,105","555","0","0","信用卡","店長Ian(0002)ian",""
"2022/09/12	","23:23	","內用","10	","2022091222190010	","","","","1,199","1,199","109","0","0","現金","店長Ian(0002)ian",""
"2022/09/13	","00:17	","內用","8	","2022091220110008	","","","","5,764","5,764","524","0","0","現金","店長Ian(0002)ian",""
"2022/09/13	","00:42	","內用","11	","2022091223110011	","","","","2,552","2,552","232","0","0","現金","店長Ian(0002)ian",""
"2022/09/13	","00:46	","內用","12	","2022091300450012	","","","","100","100","0","0","0","現金","店長Ian(0002)ian",""
"2022/09/13	","01:18	","內用","1	","2022091217360001	","","","","0","0","0","0","0","現金","店長Ian(0002)ian",""
"2022/09/13	","19:41	","內用","2	","2022091319410002	","","","","100","100","0","0","0","現金","店長Ian(0002)ian",""
"2022/09/13	","23:34	","內用","4	","2022091323340004	","","","","125","125","0","0","0","現金","店長Ian(0002)ian",""
"2022/09/14	","01:29	","內用","5	","2022091400260005	","","","","2,112","2,112","192","0","0","現金","店長Ian(0002)ian",""
"2022/09/14	","01:39	","內用","7	","2022091400360007	","","","","6,160","6,160","560","0","0","信用卡","店長Ian(0002)ian",""
"2022/09/14	","01:41	","內用","6	","2022091400360006	","","","","4,169","4,169","379","0","0","信用卡","店長Ian(0002)ian",""
"2022/09/14	","01:42	","內用","3	","2022091323070003	","","","","1,760","1,760","160","0","0","現金","店長Ian(0002)ian",""
"2022/09/14	","01:43	","內用","1	","2022091318230001	","","","","0","0","0","0","0","現金","店長Ian(0002)ian",""
"2022/09/14	","19:59	","內用","6	","2022091418080006	","","","","1,892","1,892","172","0","0","信用卡","-(000000)90466979",""
"2022/09/14	","20:23	","內用","8	","2022091419500008	","","","","780","780","0","0","0","現金","-(000000)90466979",""
"2022/09/14	","21:17	","內用","7	","2022091419230007	","","","","3,201","3,201","291","0","0","信用卡","-(000000)90466979",""
"2022/09/14	","22:41	","內用","3	","2022091417430003	","","","FM32358114","5,341","5,341","531","500","254","信用卡","-(000000)90466979",""
"2022/09/14	","22:45	","內用","9	","2022091422190009	","","","","418","418","38","0","0","信用卡","-(000000)90466979",""
"2022/09/14	","23:54	","內用","10	","2022091422450010	","","","","1,673","1,673","123","0","0","現金","-(000000)90466979",""
"2022/09/15	","00:49	","內用","12	","2022091500000012	","","","FM32358115","700","700","0","0","33","現金","-(000000)90466979",""
"2022/09/15	","01:20	","內用","11	","2022091423360011	","","","","3,270","3,270","320","250","0","信用卡","-(000000)90466979",""
"2022/09/15	","01:22	","內用","1	","2022091417200001	","","","","0","0","0","0","0","現金","-(000000)90466979",""
"2022/09/15	","01:24	","內用","4	","2022091417430004	","","","FM32358116","10,945","10,945","995","0","521","信用卡","-(000000)90466979",""
"2022/09/15	","21:53	","內用","2	","2022091517400002	","","","","3,971","3,971","361","0","0","現金","-(000000)90466979",""
"2022/09/15	","22:39	","內用","5	","2022091519140005	","","","","2,299","2,299","209","0","0","信用卡","-(000000)90466979",""
"2022/09/15	","23:23	","內用","3-1	","2022091523220009	","","","","935","935","85","0","0","現金","-(000000)90466979",""
"2022/09/16	","00:16	","內用","7	","2022091520490007	","","","","1,958","1,958","178","0","0","信用卡","-(000000)90466979",""
"2022/09/16	","00:58	","內用","3	","2022091517400003	","","","","2,090","2,090","190","0","0","現金","-(000000)90466979",""
"2022/09/16	","01:33	","內用","6	","2022091520060006	","","","","6,842","6,842","622","0","0","信用卡","-(000000)90466979",""
"2022/09/16	","01:34	","內用","9	","2022091600070010	","","","","5,291","5,291","481","450","0","信用卡","-(000000)90466979",""
"2022/09/16	","01:35	","內用","4	","2022091518310004	","","","","2,438","2,438","238","180","0","信用卡","-(000000)90466979",""
"2022/09/16	","01:38	","內用","10	","2022091600140011	","","","","2,728","2,728","248","0","0","街口支付","-(000000)90466979",""
"2022/09/16	","01:39	","內用","1	","2022091517400001	","","","","0","0","0","0","0","現金","-(000000)90466979",""
"2022/09/16	","01:41	","內用","12	","2022091601410013	","","","","0","0","0","0","0","現金","-(000000)90466979",""
"2022/09/16	","18:04	","內用","14	","2022091618040014	","","","","100","100","0","0","0","現金","-(000000)90466979",""
"2022/09/16	","18:57	","內用","15	","2022091618570015	","","","","125","125","0","0","0","現金","-(000000)90466979",""
"2022/09/16	","19:52	","內用","9	","2022091617460009	","","","FM32358117","2,145","2,145","195","0","102","現金","-(000000)90466979",""
"2022/09/16	","20:04	","內用","6	","2022091617410006	"," 作廢2022/09/17 03:02","","","2,222","2,222","202","0","0","funNow、信用卡","-(000000)90466979",""
"2022/09/16	","20:38	","內用","8	","2022091617460008	","","","","1,738","1,738","158","0","0","信用卡","-(000000)90466979",""
"2022/09/16	","21:11	","內用","17	","2022091619540017	","","","","880","880","80","0","0","現金","-(000000)90466979",""
"2022/09/16	","21:21	","內用","16	","2022091619420016	","","","","3,091","3,091","281","0","0","信用卡","-(000000)90466979",""
"2022/09/16	","21:35	","內用","4	","2022091617410004	","","","","3,685","3,685","335","0","0","信用卡","-(000000)90466979",""
"2022/09/16	","21:58	","內用","18	","2022091620080018	","","","","2,266","2,266","206","0","0","信用卡","-(000000)90466979",""
"2022/09/16	","22:00	","內用","2	","2022091617410002	","","","","5,247","5,247","477","0","0","現金","-(000000)90466979",""
"2022/09/16	","22:10	","內用","3	","2022091617410003	","","","","5,940","5,940","540","0","0","信用卡","-(000000)90466979",""
"2022/09/16	","22:49	","內用","1	","2022091617410001	","","","","4,488","4,488","408","0","0","信用卡","-(000000)90466979",""
"2022/09/16	","22:56	","內用","5	","2022091617410005	","","","","5,544","5,544","504","100","0","信用卡","-(000000)90466979",""
"2022/09/16	","23:42	","內用","21	","2022091621220021	","","","","4,191","4,191","381","0","0","信用卡","-(000000)90466979",""
"2022/09/16	","23:46	","內用","26	","2022091622250026	","","","","1,650","1,650","150","0","0","信用卡","-(000000)90466979",""
"2022/09/17	","00:00	","內用","23	","2022091622090023	","","","","1,507","1,507","137","0","0","信用卡","-(000000)90466979",""
"2022/09/17	","00:03	","內用","10	","2022091617460010	"," 作廢2022/09/17 03:13","","","2,420","2,420","220","0","0","現金","-(000000)90466979",""
"2022/09/17	","00:06	","內用","11	","2022091617460011	"," 作廢2022/09/17 03:08","","","1,903","1,903","173","0","0","現金","-(000000)90466979",""
"2022/09/17	","00:07	","內用","19	","2022091620300019	","","","","5,357","5,357","487","0","0","信用卡","-(000000)90466979",""
"2022/09/17	","00:21	","內用","27	","2022091622430027	","","","","1,958","1,958","178","0","0","信用卡","-(000000)90466979",""
"2022/09/17	","00:23	","內用","20	","2022091620460020	","","","","2,585","2,585","235","0","0","funNow、信用卡","-(000000)90466979",""
"2022/09/17	","00:36	","內用","25	","2022091622170025	","","","","2,673","2,673","243","0","0","信用卡","-(000000)90466979",""
"2022/09/17	","00:49	","內用","22	","2022091621220022	","","","","3,278","3,278","298","0","0","信用卡","-(000000)90466979",""
"2022/09/17	","01:03	","內用","7	","2022091617460007	","","","","1,650","1,650","150","0","0","信用卡","-(000000)90466979",""
"2022/09/17	","01:38	","內用","28	","2022091623000028	","","","","1,540","1,540","140","0","0","現金","-(000000)90466979",""
"2022/09/17	","02:17	","內用","24	","2022091622120024	","","","","511","511","0","219","0","現金","-(000000)90466979",""
"2022/09/17	","02:57	","內用","12	","2022091617500012	","","","","0","0","0","0","0","現金","-(000000)90466979",""
"2022/09/17	","02:57	","內用","29	","2022091702010029	","","","","2,000","2,000","0","0","0","現金","-(000000)90466979",""
"2022/09/17	","03:03	","內用","30	","2022091703020030	","","","","2,222","2,222","202","0","0","funNow、信用卡","-(000000)90466979",""
"2022/09/17	","03:09	","內用","31	","2022091703080031	","","","","1,903","1,903","173","0","0","信用卡","-(000000)90466979",""
"2022/09/17	","03:15	","內用","32	","2022091703130032	","","","","2,420","2,420","220","0","0","信用卡","-(000000)90466979",""
"2022/09/17	","03:26	","內用","1	","2022091703260001	","","","","100","100","0","0","0","現金","-(000000)90466979",""
"2022/09/17	","18:06	","內用","15	","2022091718060015	","","","","100","100","0","0","0","現金","-(000000)90466979",""
"2022/09/17	","19:48	","內用","11	","2022091717360011	","","","","3,927","3,927","357","0","0","信用卡","-(000000)90466979",""
"2022/09/17	","20:18	","內用","16	","2022091718480016	","","","","1,353","1,353","123","0","0","現金","-(000000)90466979",""
"2022/09/17	","20:56	","內用","4	","2022091717350004	","","","","2,692","2,692","252","80","0","funNow、信用卡","-(000000)90466979",""
"2022/09/17	","21:11	","內用","5	","2022091717350005	","","","","2,310","2,310","210","0","0","信用卡","-(000000)90466979",""
"2022/09/17	","21:24	","內用","2	","2022091717350002	","","","FM32358118","1,430","1,430","130","0","68","信用卡","-(000000)90466979",""
"2022/09/17	","21:36	","內用","7	","2022091717360007	","","","","4,565","4,565","415","0","0","信用卡","-(000000)90466979",""
"2022/09/17	","21:47	","內用","8	","2022091717360008	","","","","3,938","3,938","358","0","0","信用卡","-(000000)90466979",""
"2022/09/17	","22:03	","內用","20	","2022091719490020	","","","","3,432","3,432","312","0","0","信用卡","-(000000)90466979",""
"2022/09/17	","22:41	","內用","3	","2022091717350003	","","","FM32358119","1,727","1,727","157","0","82","信用卡","-(000000)90466979",""
"2022/09/17	","23:37	","內用","10	","2022091717360010	","","","","8,371","8,371","761","0","0","信用卡","-(000000)90466979",""
"2022/09/17	","23:38	","內用","24	","2022091721250024	","","","","4,026","4,026","366","0","0","信用卡","-(000000)90466979",""
"2022/09/18	","00:06	","內用","19	","2022091719190019	","","","","10,945","10,945","995","0","0","信用卡","-(000000)90466979",""
"2022/09/18	","00:15	","內用","26	","2022091722240026	","","","","2,750","2,750","250","0","0","信用卡","-(000000)90466979",""
"2022/09/18	","00:19	","內用","23	","2022091721120023	","","","","814","814","74","0","0","現金","-(000000)90466979",""
"2022/09/18	","00:20	","內用","30	","2022091800200030	","","","","400","400","0","0","0","信用卡","-(000000)90466979",""
"2022/09/18	","00:21	","內用","6	","2022091717360006	","","","FM32358120","1,782","1,782","162","0","85","信用卡","-(000000)90466979",""
"2022/09/18	","00:25	","內用","25	","2022091721370025	","","","FM32358121","3,894","3,894","354","0","185","信用卡","-(000000)90466979",""
"2022/09/18	","00:48	","內用","31	","2022091800470031	","","","","900","900","0","0","0","現金","-(000000)90466979",""
"2022/09/18	","00:49	","內用","22	","2022091721070022	","","","","2,684","2,684","244","0","0","現金","-(000000)90466979",""
"2022/09/18	","01:11	","內用","28	","2022091723040028	","","","","2,904","2,904","264","0","0","信用卡","-(000000)90466979",""
"2022/09/18	","01:15	","內用","27	","2022091722240027	"," 作廢2022/09/18 01:15","","","2,574","2,574","234","0","0","信用卡","-(000000)90466979",""
"2022/09/18	","01:16	","內用","32	","2022091801160032	","","","","2,574","2,574","234","0","0","信用卡","-(000000)90466979",""
"2022/09/18	","01:35	","內用","9	","2022091717360009	","","","","1,848","1,848","168","0","0","信用卡","-(000000)90466979",""
"2022/09/18	","02:12	","內用","13	","2022091717410013	","","","","0","0","0","0","0","現金","-(000000)90466979",""
"2022/09/18	","02:28	","內用","29	","2022091723060029	","","","","1,518","1,518","138","0","0","信用卡","-(000000)90466979",""
"2022/09/18	","21:14	","內用","2	","2022091817430002	","","","","1,804","1,804","164","0","0","信用卡","-(000000)90466979",""
"2022/09/18	","23:25	","內用","4	","2022091820100004	","","","","2,145","2,145","195","0","0","現金","-(000000)90466979",""
"2022/09/19	","00:08	","內用","6	","2022091822370006	","","","","1,980","1,980","180","0","0","信用卡","-(000000)90466979",""
"2022/09/19	","01:25	","內用","7	","2022091822490007	","","","","1,320","1,320","120","0","0","現金","-(000000)90466979",""
"2022/09/19	","01:27	","內用","5	","2022091821200005	","","","","1,430","1,430","130","0","0","現金","-(000000)90466979",""
"2022/09/19	","01:34	","內用","3	","2022091819040003	","","","","2,288","2,288","208","0","0","信用卡","-(000000)90466979",""
"2022/09/19	","01:42	","內用","1	","2022091817340001	","","","","0","0","0","0","0","現金","-(000000)90466979",""
"2022/09/19	","20:34	","內用","7	","2022091919350007	","","","","385","385","35","0","0","現金","-(000000)90466979",""
"2022/09/19	","20:46	","內用","9	","2022091920460009	","","","","100","100","0","0","0","現金","-(000000)90466979",""
"2022/09/19	","21:04	","內用","5	","2022091918130005	","","","","1,793","1,793","163","0","0","現金","-(000000)90466979",""
"2022/09/19	","21:41	","內用","3	","2022091917410003	","","","","5,885","5,885","535","0","0","街口支付","-(000000)90466979",""
"2022/09/19	","22:06	","內用","10	","2022091922050010	","","","","100","100","0","0","0","現金","-(000000)90466979",""
"2022/09/19	","22:33	","內用","4	","2022091918130004	","","","","2,266","2,266","206","0","0","信用卡","-(000000)90466979",""
"2022/09/19	","22:42	","內用","8	","2022091920320008	","","","","1,034","1,034","94","0","0","信用卡","-(000000)90466979",""
"2022/09/20	","00:27	","內用","1	","2022091917330001	","","","","0","0","0","0","0","現金","-(000000)90466979",""
"2022/09/20	","00:27	","內用","11	","2022091922450011	","","","","0","0","0","220","0","現金","-(000000)90466979",""
"2022/09/20	","17:41	","內用","4	","2022092017400004	","","","","125","125","0","0","0","現金","-(000000)90466979",""
"2022/09/20	","19:30	","內用","5	","2022092019290005	","","","","100","100","0","0","0","現金","-(000000)90466979",""
"2022/09/20	","23:27	","內用","7	","2022092022510007	","","","","352","352","32","0","0","信用卡","-(000000)90466979",""
"2022/09/20	","23:38	","內用","6	","2022092022450006	","","","","748","748","68","0","0","現金","-(000000)90466979",""
"2022/09/21	","01:31	","內用","3	","2022092017350003	","","","","2,959","2,959","269","0","0","信用卡","-(000000)90466979",""
"2022/09/21	","01:33	","內用","8	","2022092022550008	","","","","5,115","5,115","465","0","0","信用卡","-(000000)90466979",""
"2022/09/21	","01:36	","內用","2	","2022092017350002	","","","","2,035","2,035","185","0","0","現金","-(000000)90466979",""
"2022/09/21	","01:37	","內用","1	","2022092017240001	","","","","0","0","0","0","0","現金","-(000000)90466979",""
"2022/09/21	","20:32	","內用","8	","2022092119470008	","","","","902","902","82","0","0","信用卡","-(000000)90466979",""
"2022/09/21	","20:40	","內用","4	","2022092118150004	","","","","3,149","3,149","309","250","0","信用卡","-(000000)90466979",""
"2022/09/21	","20:52	","內用","9	","2022092119520009	","","","","208","208","26","78","0","現金","-(000000)90466979",""
"2022/09/21	","20:54	","內用","5	","2022092118490005	","","","","2,112","2,112","192","0","0","信用卡","-(000000)90466979",""
"2022/09/21	","21:31	","內用","13	","2022092121300013	","","","","660","660","60","0","0","信用卡","-(000000)90466979",""
"2022/09/21	","21:58	","內用","3	","2022092118140003	","","","","4,125","4,125","375","0","0","信用卡","-(000000)90466979",""
"2022/09/21	","22:12	","內用","7	","2022092119310007	","","","","6,738","6,738","658","500","0","信用卡","-(000000)90466979",""
"2022/09/21	","22:39	","內用","11	","2022092120490011	","","","FM32358122","1,518","1,518","138","0","72","信用卡","-(000000)90466979",""
"2022/09/21	","22:41	","內用","12	","2022092120590012	","","","","1,719","1,719","179","250","0","現金","-(000000)90466979",""
"2022/09/21	","22:59	","內用","14	","2022092121310014	","","","","902","902","82","0","0","信用卡","-(000000)90466979",""
"2022/09/21	","23:58	","內用","16	","2022092122250016	","","","","1,645","1,645","195","500","0","信用卡","-(000000)90466979",""
"2022/09/22	","00:19	","內用","20	","2022092200120020	","","","","550","550","50","0","0","信用卡","-(000000)90466979",""
"2022/09/22	","00:37	","內用","17	","2022092122390017	","","","","2,354","2,354","214","0","0","信用卡","-(000000)90466979",""
"2022/09/22	","00:51	","內用","19	","2022092200000019	","","","","601","601","78","257","0","現金","-(000000)90466979",""
"2022/09/22	","00:57	","內用","10	","2022092120400010	","","","","460","460","0","0","0","現金","-(000000)90466979",""
"2022/09/22	","00:58	","內用","6	","2022092118580006	","","","","630","630","0","270","0","現金","-(000000)90466979",""
"2022/09/22	","01:20	","內用","18	","2022092122510018	"," 作廢2022/09/22 01:38","","","1,200","1,200","0","0","0","信用卡","-(000000)90466979",""
"2022/09/22	","01:28	","內用","22	","2022092200590022	","","","","550","550","50","0","0","現金","-(000000)90466979",""
"2022/09/22	","01:33	","內用","2	","2022092117530002	","","","","0","0","0","0","0","現金","-(000000)90466979",""
"2022/09/22	","01:34	","內用","21	","2022092200150021	","","","FM32358123","660","660","0","0","31","現金","-(000000)90466979",""
"2022/09/22	","01:36	","內用","15	","2022092121420015	","","","","3,608","3,608","328","0","0","現金","-(000000)90466979",""
"2022/09/22	","01:38	","內用","23	","2022092201380023	","","","","1,200","1,200","0","0","0","現金","-(000000)90466979",""
"2022/09/22	","02:16	","內用","1	","2022092202150001	","","","","100","100","0","0","0","現金","-(000000)90466979",""
"2022/09/22	","21:31	","內用","6	","2022092218240006	","","","","2,841","2,841","281","250","0","信用卡","-(000000)90466979",""
"2022/09/22	","22:35	","內用","4	","2022092217370004	","","","","3,223","3,223","293","0","0","funNow、信用卡","-(000000)90466979",""
"2022/09/22	","22:43	","內用","8	","2022092222430008	","","","","100","100","0","0","0","現金","-(000000)90466979",""
"2022/09/22	","23:23	","內用","5	","2022092217370005	","","","","1,320","1,320","120","0","0","LINE Pay","-(000000)90466979",""
"2022/09/22	","23:25	","內用","7	","2022092221010007	","","","","1,859","1,859","169","0","0","信用卡","-(000000)90466979",""
"2022/09/23	","00:34	","內用","3	","2022092217370003	","","","FM32358124","4,062","4,062","392","250","193","信用卡","-(000000)90466979",""
"2022/09/23	","01:06	","內用","10	","2022092300270010	","","","","700","700","0","0","0","現金","-(000000)90466979",""
"2022/09/23	","01:34	","內用","9	","2022092222470009	","","","","1,804","1,804","164","0","0","信用卡","-(000000)90466979",""
"2022/09/23	","01:38	","內用","2	","2022092216580002	","","","","0","0","0","0","0","現金","-(000000)90466979",""
"2022/09/23	","21:22	","內用","25	","2022092317460025	","","","","2,761","2,761","251","0","0","信用卡","-(000000)90466979",""
"2022/09/23	","21:37	","內用","27	","2022092317470027	","","","","7,975","7,975","725","0","0","信用卡","-(000000)90466979",""
"2022/09/23	","21:39	","內用","23	","2022092317460023	","","","","2,200","2,200","200","0","0","信用卡","-(000000)90466979",""
"2022/09/23	","21:46	","內用","33	","2022092321460033	","","","","100","100","0","0","0","現金","-(000000)90466979",""
"2022/09/23	","21:48	","內用","15	","2022092317460015	","","","","4,576","4,576","416","0","0","信用卡","-(000000)90466979",""
"2022/09/23	","21:53	","內用","19	","2022092317460019	","","","","1,254","1,254","114","0","0","信用卡","-(000000)90466979",""
"2022/09/23	","22:10	","內用","18	","2022092317460018	","","","","3,058","3,058","278","0","0","信用卡","-(000000)90466979",""
"2022/09/23	","22:18	","內用","20	","2022092317460020	","","","","6,798","6,798","618","0","0","信用卡","-(000000)90466979",""
"2022/09/23	","22:23	","內用","22	","2022092317460022	","","","","2,684","2,684","244","0","0","信用卡","-(000000)90466979",""
"2022/09/23	","22:28	","內用","24	","2022092317460024	","","","FM32358125","2,739","2,739","249","0","130","信用卡","-(000000)90466979",""
"2022/09/23	","22:44	","內用","16	","2022092317460016	","","","FM32358126","2,519","2,519","229","0","120","信用卡","-(000000)90466979",""
"2022/09/23	","22:55	","內用","30	","2022092320400030	","","","","1,650","1,650","150","0","0","現金","-(000000)90466979",""
"2022/09/23	","22:56	","內用","38	","2022092322230038	","","","","280","280","0","0","0","現金","-(000000)90466979",""
"2022/09/23	","23:22	","內用","35	","2022092321570035	","","","","2,035","2,035","185","0","0","信用卡","-(000000)90466979",""
"2022/09/23	","23:36	","內用","37	","2022092322110037	","","","","1,232","1,232","112","0","0","現金","-(000000)90466979",""
"2022/09/23	","23:46	","內用","31	","2022092321240031	","","","","858","858","78","0","0","LINE Pay","-(000000)90466979",""
"2022/09/23	","23:48	","內用","47	","2022092323470047	","","","","400","400","0","0","0","LINE Pay","-(000000)90466979",""
"2022/09/23	","23:49	","內用","17	","2022092317460017	","","","","2,189","2,189","199","0","0","信用卡","-(000000)90466979",""
"2022/09/24	","00:07	","內用","28	","2022092317470028	","","","","9,647","9,647","877","0","0","信用卡","-(000000)90466979",""
"2022/09/24	","00:13	","內用","39	","2022092322360039	","","","","2,618","2,618","238","0","0","現金","-(000000)90466979",""
"2022/09/24	","00:35	","內用","46	","2022092323370046	","","","","1,100","1,100","100","0","0","現金","-(000000)90466979",""
"2022/09/24	","00:35	","內用","32	","2022092321450032	","","","","2,695","2,695","245","0","0","現金","-(000000)90466979",""
"2022/09/24	","00:54	","內用","51	","2022092400450051	","","","","792","792","72","0","0","現金","-(000000)90466979",""
"2022/09/24	","01:00	","內用","45	","2022092323110045	","","","","2,706","2,706","246","0","0","現金","-(000000)90466979",""
"2022/09/24	","01:02	","內用","41	","2022092322460041	","","","","1,287","1,287","117","0","0","現金","-(000000)90466979",""
"2022/09/24	","01:13	","內用","36	","2022092322020036	","","","","2,871","2,871","261","0","0","信用卡","-(000000)90466979",""
"2022/09/24	","01:26	","內用","34	","2022092321470034	","","","FM32358127","1,562","1,562","142","0","74","現金","-(000000)90466979",""
"2022/09/24	","01:36	","內用","52	","2022092400490052	","","","","245","245","0","105","0","現金","-(000000)90466979",""
"2022/09/24	","01:58	","內用","29	","2022092317470029	","","","FM32358128","12,617","12,617","1,147","0","601","信用卡","-(000000)90466979",""
"2022/09/24	","02:23	","內用","54	","2022092401300054	","","","","550","550","50","0","0","現金","-(000000)90466979",""
"2022/09/24	","02:29	","內用","48	","2022092323540048	","","","","1,793","1,793","163","0","0","LINE Pay","-(000000)90466979",""
"2022/09/24	","02:36	","內用","55	","2022092402000055	","","","","1,375","1,375","125","0","0","信用卡","-(000000)90466979",""
"2022/09/24	","02:37	","內用","53	","2022092400550053	","","","","1,716","1,716","156","0","0","信用卡","-(000000)90466979",""
"2022/09/24	","02:40	","內用","43	","2022092323000043	","","","","4,268","4,268","388","0","0","信用卡","-(000000)90466979",""
"2022/09/24	","02:42	","內用","50	","2022092400360050	","","","","0","0","0","450","0","現金","-(000000)90466979",""
"2022/09/24	","02:43	","內用","1	","2022092302120001	","","","","0","0","0","0","0","現金","-(000000)90466979",""
"2022/09/24	","16:02	","內用","1	","2022092416020001	","","","","125","125","0","0","0","現金","-(000000)90466979",""
"2022/09/24	","20:38	","內用","11	","2022092418240011	","","","","1,650","1,650","150","0","0","信用卡","-(000000)90466979",""
"2022/09/24	","21:07	","內用","13	","2022092419280013	","","","","957","957","87","0","0","信用卡","-(000000)90466979",""
"2022/09/24	","21:23	","內用","3	","2022092417400003	","","","","5,500","5,500","500","0","0","現金","-(000000)90466979",""
"2022/09/24	","22:00	","內用","9	","2022092417410009	","","","","9,251","9,251","841","0","0","信用卡","-(000000)90466979",""
"2022/09/24	","22:06	","內用","12	","2022092419190012	","","","","2,233","2,233","203","0","0","信用卡","-(000000)90466979",""
"2022/09/24	","22:12	","內用","4-1	","2022092422120023	","","","","462","462","42","0","0","信用卡","-(000000)90466979",""
"2022/09/24	","22:13	","內用","4-2	","2022092422130024	","","","","418","418","38","0","0","信用卡","-(000000)90466979",""
"2022/09/24	","22:14	","內用","4	","2022092417410004	","","","","1,430","1,430","130","0","0","信用卡","-(000000)90466979",""
"2022/09/24	","22:24	","內用","14	","2022092419350014	","","","","2,079","2,079","189","0","0","現金","-(000000)90466979",""
"2022/09/24	","22:28	","內用","5	","2022092417410005	","","","","5,500","5,500","500","0","0","信用卡","-(000000)90466979",""
"2022/09/24	","22:33	","內用","17	","2022092420130017	","","","","1,232","1,232","112","0","0","現金","-(000000)90466979",""
"2022/09/24	","22:42	","內用","20	","2022092421230020	","","","","913","913","83","0","0","信用卡","-(000000)90466979",""
"2022/09/24	","22:48	","內用","18	","2022092420160018	","","","","1,782","1,782","162","0","0","信用卡","-(000000)90466979",""
"2022/09/24	","23:07	","內用","15	","2022092419430015	","","","","3,201","3,201","291","0","0","信用卡","-(000000)90466979",""
"2022/09/24	","23:20	","內用","21	","2022092421290021	","","","","1,760","1,760","160","0","0","現金","-(000000)90466979",""
"2022/09/24	","23:30	","內用","7	","2022092417410007	","","","","2,563","2,563","233","0","0","信用卡","-(000000)90466979",""
"2022/09/24	","23:47	","內用","16	","2022092419430016	","","","FM32358129","2,442","2,442","222","0","116","信用卡","-(000000)90466979",""
"2022/09/24	","23:55	","內用","10	","2022092418240010	","","","","1,727","1,727","157","0","0","信用卡","-(000000)90466979",""
"2022/09/24	","23:56	","內用","6	","2022092417410006	","","","","5,049","5,049","459","0","0","信用卡","-(000000)90466979",""
"2022/09/25	","00:10	","內用","28	","2022092423160030	","","","","1,232","1,232","112","0","0","現金","-(000000)90466979",""
"2022/09/25	","00:15	","內用","22	","2022092422090022	","","","","3,520","3,520","320","0","0","信用卡","-(000000)90466979",""
"2022/09/25	","00:40	","內用","25	","2022092422450027	","","","","2,365","2,365","215","0","0","信用卡","-(000000)90466979",""
"2022/09/25	","00:42	","內用","23	","2022092422170025	","","","","3,663","3,663","333","0","0","現金","-(000000)90466979",""
"2022/09/25	","00:43	","內用","27	","2022092422570029	","","","","1,518","1,518","138","0","0","信用卡","-(000000)90466979",""
"2022/09/25	","01:03	","內用","24	","2022092422210026	","","","","2,662","2,662","242","100","0","信用卡","-(000000)90466979",""
"2022/09/25	","01:07	","內用","26	","2022092422570028	","","","","1,661","1,661","151","0","0","LINE Pay","-(000000)90466979",""
"2022/09/25	","01:16	","內用","30	","2022092423520032	","","","","973","973","0","417","0","現金","-(000000)90466979",""
"2022/09/25	","01:44	","內用","29	","2022092423340031	","","","","1,342","1,342","122","0","0","信用卡","-(000000)90466979",""
"2022/09/25	","02:21	","內用","33	","2022092501220035	","","","","660","660","60","0","0","信用卡","-(000000)90466979",""
"2022/09/25	","02:22	","內用","34	","2022092502210036	","","","","440","440","40","0","0","信用卡","-(000000)90466979",""
"2022/09/25	","02:27	","內用","32	","2022092501200034	","","","","462","462","42","0","0","現金","-(000000)90466979",""
"2022/09/25	","02:30	","內用","8	","2022092417410008	","","","","3,508","3,508","328","100","0","信用卡","-(000000)90466979",""
"2022/09/25	","02:31	","內用","31	","2022092500510033	","","","","2,376","2,376","216","0","0","信用卡","-(000000)90466979",""
"2022/09/25	","02:36	","內用","2	","2022092416190002	","","","","0","0","0","0","0","現金","-(000000)90466979",""
"2022/09/25	","16:58	","內用","1	","2022092516570001	","","","","100","100","0","0","0","現金","-(000000)90466979",""
"2022/09/25	","19:44	","內用","3	","2022092517420003	","","","","3,014","3,014","274","200","0","現金","-(000000)90466979",""
"2022/09/25	","22:05	","內用","5	","2022092518070005	","","","","2,574","2,574","234","0","0","信用卡","-(000000)90466979",""
"2022/09/25	","23:31	","內用","7	","2022092521360007	","","","","902","902","82","0","0","現金","-(000000)90466979",""
"2022/09/25	","23:59	","內用","2	","2022092517420002	","","","","2,233","2,233","203","0","0","信用卡","-(000000)90466979",""
"2022/09/26	","00:26	","內用","9	","2022092600240010	","","","","256","256","32","96","0","信用卡","-(000000)90466979",""
"2022/09/26	","01:26	","內用","6-1	","2022092521480008	","","","","2,574","2,574","234","0","0","信用卡","-(000000)90466979",""
"2022/09/26	","01:37	","內用","8	","2022092523100009	","","","","2,024","2,024","184","0","0","現金","-(000000)90466979",""
"2022/09/26	","01:38	","內用","6	","2022092520020006	","","","","7,656","7,656","696","0","0","現金","-(000000)90466979",""
"2022/09/26	","01:42	","內用","4	","2022092517420004	","","","","0","0","0","0","0","現金","-(000000)90466979",""
"2022/09/26	","02:44	","內用","1	","2022092602410001	","","","","11,000","11,000","0","2,500","0","現金","-(000000)90466979",""
"2022/09/26	","02:45	","內用","2	","2022092602440002	","","","","125","125","0","0","0","現金","-(000000)90466979",""
"2022/09/26	","17:35	","內用","4	","2022092617340004	","","","","100","100","0","0","0","現金","-(000000)90466979",""
"2022/09/26	","20:21	","內用","6	","2022092617360006	","","","","2,475","2,475","225","0","0","LINE Pay","-(000000)90466979",""
"2022/09/26	","20:43	","內用","9	","2022092619380009	"," 作廢2022/09/26 23:20","","","495","495","45","0","0","信用卡","-(000000)90466979",""
"2022/09/26	","21:16	","內用","10	","2022092620450010	","","","","682","682","62","0","0","現金","-(000000)90466979",""
"2022/09/26	","21:27	","內用","7	","2022092618410007	","","","","2,871","2,871","261","0","0","信用卡","-(000000)90466979",""
"2022/09/26	","22:23	","內用","8	","2022092618450008	","","","","2,629","2,629","239","0","0","信用卡","-(000000)90466979",""
"2022/09/26	","23:13	","內用","13	","2022092622410013	"," 作廢2022/09/26 23:14","","","330","330","30","0","0","現金","-(000000)90466979",""
"2022/09/26	","23:15	","內用","15	","2022092623140015	","","","","330","330","30","0","0","信用卡","-(000000)90466979",""
"2022/09/26	","23:20	","內用","16	","2022092623200016	","","","","495","495","45","0","0","現金","-(000000)90466979",""
"2022/09/26	","23:43	","內用","11	","2022092622200011	","","","","2,838","2,838","258","0","0","信用卡","-(000000)90466979",""
"2022/09/27	","00:05	","內用","12	","2022092622250012	","","","","2,123","2,123","193","0","0","現金","-(000000)90466979",""
"2022/09/27	","00:06	","內用","5	","2022092617360005	","","","","4,730","4,730","430","0","0","現金","-(000000)90466979",""
"2022/09/27	","00:08	","內用","14	","2022092622550014	","","","","1,628","1,628","148","0","0","現金","-(000000)90466979",""
"2022/09/27	","01:44	","內用","17	","2022092701150017	","","","","902","902","82","0","0","現金","-(000000)90466979",""
"2022/09/27	","01:45	","內用","3	","2022092617340003	","","","","0","0","0","0","0","現金","-(000000)90466979",""
"2022/09/27	","16:44	","內用","1	","2022092716430001	","","","","125","125","0","0","0","現金","-(000000)90466979",""
"2022/09/27	","19:52	","內用","4	","2022092717300004	","","","","1,683","1,683","153","0","0","信用卡","-(000000)90466979",""
"2022/09/27	","22:52	","內用","9	","2022092721410009	","","","","1,532","1,532","162","250","0","現金","-(000000)90466979",""
"2022/09/27	","23:18	","內用","3	","2022092717300003	","","","","1,760","1,760","160","0","0","信用卡","-(000000)90466979",""
"2022/09/27	","23:59	","內用","6	","2022092718210006	","","","","2,541","2,541","231","0","0","信用卡","-(000000)90466979",""
"2022/09/28	","00:11	","內用","5	","2022092717310005	","","","","2,475","2,475","225","0","0","信用卡","-(000000)90466979",""
"2022/09/28	","00:25	","內用","8	","2022092720050008	","","","","2,255","2,255","205","0","0","現金","-(000000)90466979",""
"2022/09/28	","00:54	","內用","7	","2022092718240007	","","","","208","208","26","78","0","LINE Pay","-(000000)90466979",""
"2022/09/28	","01:27	","內用","10	","2022092800230010	","","","","418","418","38","0","0","現金","-(000000)90466979",""
"2022/09/28	","01:42	","內用","11	","2022092801090011	","","","","9,488","9,488","960","1,072","0","信用卡","-(000000)90466979",""
"2022/09/28	","01:47	","內用","2	","2022092717020002	","","","","0","0","0","0","0","現金","-(000000)90466979",""
"2022/09/28	","21:35	","內用","4	","2022092820270004	","","","","638","638","58","0","0","信用卡","-(000000)90466979",""
"2022/09/28	","22:05	","內用","2	","2022092819120002	","","","","2,178","2,178","198","0","0","信用卡","-(000000)90466979",""
"2022/09/28	","22:16	","內用","5	","2022092820380005	","","","FM32358130","3,784","3,784","344","0","180","信用卡","-(000000)90466979",""
"2022/09/28	","22:27	","內用","11	","2022092822260011	","","","","1,000","1,000","0","0","0","信用卡","-(000000)90466979",""
"2022/09/28	","22:39	","內用","10	","2022092822120010	","","","","275","275","25","0","0","信用卡","-(000000)90466979",""
"2022/09/28	","22:42	","內用","8	","2022092821500008	","","","","836","836","76","0","0","信用卡","-(000000)90466979",""
"2022/09/28	","23:25	","內用","13	","2022092823250013	","","","","125","125","0","0","0","現金","-(000000)90466979",""
"2022/09/29	","00:07	","內用","3	","2022092820010003	","","","","3,729","3,729","339","0","0","信用卡","-(000000)90466979",""
"2022/09/29	","00:56	","內用","12	","2022092823070012	","","","","0","0","0","0","0","現金","-(000000)90466979",""
"2022/09/29	","01:12	","內用","9	","2022092822110009	","","","","3,366","3,366","306","0","0","信用卡","-(000000)90466979",""
"2022/09/29	","01:21	","內用","7	","2022092821440007	","","","","2,035","2,035","185","0","0","信用卡","-(000000)90466979",""
"2022/09/29	","01:22	","內用","1	","2022092816490001	","","","","0","0","0","0","0","現金","-(000000)90466979",""
"2022/09/29	","18:11	","內用","7	","2022092918110007	","","","FM32358131","4,200","4,200","400","200","200","信用卡","-(000000)90466979",""
"2022/09/29	","21:07	","內用","8	","2022092920040008	","","","","1,122","1,122","102","0","0","現金","-(000000)90466979",""
"2022/09/29	","22:27	","內用","2	","2022092917360002	","","","","1,936","1,936","176","0","0","信用卡","-(000000)90466979",""
"2022/09/29	","22:43	","內用","5	","2022092917360005	","","","","2,288","2,288","208","0","0","信用卡","-(000000)90466979",""
"2022/09/29	","23:15	","內用","9	","2022092921230009	","","","","4,004","4,004","364","0","0","信用卡","-(000000)90466979",""
"2022/09/29	","23:32	","內用","3	","2022092917360003	","","","","2,225","2,225","225","250","0","信用卡","-(000000)90466979",""
"2022/09/29	","23:53	","內用","11	","2022092923520011	","","","","100","100","0","0","0","現金","-(000000)90466979",""
"2022/09/30	","00:00	","內用","6	","2022092917360006	","","","","1,716","1,716","156","0","0","信用卡","-(000000)90466979",""
"2022/09/30	","00:34	","內用","4	","2022092917360004	","","","","506","506","46","0","0","現金","-(000000)90466979",""
"2022/09/30	","00:56	","內用","13	","2022093000510013	","","","","2,495","2,495","445","2,400","0","信用卡","-(000000)90466979",""
"2022/09/30	","01:17	","內用","12	","2022093000400012	","","","","330","330","30","0","0","現金","-(000000)90466979",""
"2022/09/30	","01:31	","內用","1	","2022092917250001	","","","","0","0","0","0","0","現金","-(000000)90466979",""
"2022/09/30	","17:22	","內用","2	","2022093017220002	","","","","100","100","0","0","0","現金","-(000000)90466979",""
"2022/09/30	","18:01	","內用","18	","2022093018010018	","","","","100","100","0","0","0","現金","-(000000)90466979",""
"2022/09/30	","19:07	","內用","10	","2022093017340010	","","","","990","990","90","0","0","信用卡","-(000000)90466979",""
"2022/09/30	","21:02	","內用","13	","2022093017350013	","","","","3,366","3,366","306","0","0","信用卡","-(000000)90466979",""
"2022/09/30	","21:08	","內用","4	","2022093017340004	","","","","5,731","5,731","521","0","0","信用卡","-(000000)90466979",""
"2022/09/30	","22:04	","內用","19	","2022093019080019	","","","","858","858","78","0","0","信用卡","-(000000)90466979",""
"2022/09/30	","22:10	","內用","3	","2022093017340003	","","","FM32358132","7,304","7,304","664","0","348","信用卡","-(000000)90466979",""
"2022/09/30	","22:32	","內用","20	","2022093021330020	","","","","1,782","1,782","162","0","0","信用卡","-(000000)90466979",""
"2022/09/30	","22:57	","內用","6	","2022093017340006	"," 作廢2022/09/30 23:00","","","7,161","7,161","651","0","0","信用卡","-(000000)90466979",""
"2022/09/30	","22:58	","內用","9	","2022093017340009	","","","","2,882","2,882","262","0","0","信用卡","-(000000)90466979",""
"2022/09/30	","23:01	","內用","26	","2022093023000026	","","","FM32358133","7,161","7,161","651","0","341","信用卡","-(000000)90466979",""
"2022/09/30	","23:07	","內用","25	","2022093022380025	","","","","825","825","75","0","0","現金","-(000000)90466979",""
"2022/09/30	","23:18	","內用","11	","2022093017350011	","","","","2,035","2,035","185","0","0","信用卡","-(000000)90466979",""
"2022/09/30	","23:23	","內用","17	","2022093017420017	","","","","8,173","8,173","743","0","0","現金","-(000000)90466979",""
"2022/09/30	","23:28	","內用","16	","2022093017360016	","","","FM32358134","2,497","2,497","227","0","119","信用卡","-(000000)90466979",""
"2022/09/30	","23:35	","內用","7	","2022093017340007	","","","","1,793","1,793","163","0","0","funNow、信用卡","-(000000)90466979",""
"2022/09/30	","23:44	","內用","12	","2022093017350012	","","","","979","979","89","0","0","信用卡","-(000000)90466979",""
"2022/10/01	","00:09	","內用","21	","2022093021380021	","","","","5,423","5,423","493","0","0","信用卡","-(000000)90466979",""
"2022/10/01	","00:25	","內用","32	","2022100100240032	","","","","200","200","0","0","0","現金","-(000000)90466979",""
"2022/10/01	","00:37	","內用","24	","2022093022310024	","","","","2,288","2,288","208","0","0","信用卡","-(000000)90466979",""
"2022/10/01	","00:48	","內用","23	","2022093022110023	","","","FM32358135","3,278","3,278","298","0","156","信用卡","-(000000)90466979",""
"2022/10/01	","00:55	","內用","22	","2022093021550022	","","","","1,958","1,958","178","0","0","現金","-(000000)90466979",""
"2022/10/01	","01:07	","內用","27	","2022093023140027	","","","","2,673","2,673","243","0","0","現金","-(000000)90466979",""
"2022/10/01	","01:30	","內用","15	","2022093017350015	","","","FM32358136","10,934","10,934","994","0","521","信用卡","-(000000)90466979",""
"2022/10/01	","01:37	","內用","14	","2022093017350014	","","","","3,916","3,916","356","0","0","信用卡","-(000000)90466979",""
"2022/10/01	","01:40	","內用","30	","2022093023380030	","","","","1,716","1,716","156","0","0","信用卡","-(000000)90466979",""
"2022/10/01	","02:36	","內用","1	","2022093017140001	","","","","0","0","0","0","0","現金","-(000000)90466979",""
"2022/10/01	","02:38	","內用","31	","2022100100230031	","","","","3,311","3,311","301","0","0","信用卡","-(000000)90466979",""
"2022/10/01	","02:45	","內用","29	","2022093023350029	","","","","5,764","5,764","524","0","0","LINE Pay","-(000000)90466979",""
"2022/10/01	","02:48	","內用","28	","2022093023330028	","","","","8,162","8,162","742","0","0","現金","-(000000)90466979",""
"合計","","","","","","","","$1,069,612","$1,069,612","$95,356","$15,419","$6,319","","",""